{
  "total_samples": 1603,
  "bleu1_mean": 0.033127985252714084,
  "bleu4_mean": 0.005638304036197716,
  "rouge1_mean": 0.04547227358493729,
  "rouge2_mean": 0.0011266638648540464,
  "rougeL_mean": 0.03829349067517186,
  "meteor_mean": 0.02769830402209036,
  "cider": 0.005853552076437421,
  "bert_score_precision": 0.8300076127052307,
  "bert_score_recall": 0.8326742649078369,
  "bert_score_f1": 0.8311613202095032
}