{
  "total_samples": 1603,
  "bleu1_mean": 0.032094092248571224,
  "bleu4_mean": 0.005642095417193943,
  "rouge1_mean": 0.04700266957384808,
  "rouge2_mean": 0.0011432123772645094,
  "rougeL_mean": 0.03870530793424724,
  "meteor_mean": 0.02545308603769707,
  "cider": 0.0071911756670621895,
  "bert_score_precision": 0.8423460125923157,
  "bert_score_recall": 0.8322960138320923,
  "bert_score_f1": 0.8371257781982422
}