{
  "total_samples": 1603,
  "bleu1_mean": 0.03519748032672808,
  "bleu4_mean": 0.005918688884460804,
  "rouge1_mean": 0.04966574381536785,
  "rouge2_mean": 0.001403205925548686,
  "rougeL_mean": 0.040262017089131165,
  "meteor_mean": 0.028371275933168478,
  "cider": 0.008447067353344198,
  "bert_score_precision": 0.8358848690986633,
  "bert_score_recall": 0.8293689489364624,
  "bert_score_f1": 0.8324506878852844
}